description,category
for pharmacy paracetamol,Other
paid Grab to the mall,Transport
SM Department Store,Shopping
for habal-habal ride,Transport
bought Samgyupsal dinner,Food
McDonalds breakfast,Food
Sky Cable bill,Utilities
salon treatment,Other
paid shampoo and conditioner,Shopping
toilet paper pack,Shopping
paid Ace Hardware tools,Shopping
pharmacy paracetamol,Other
Decathlon gear,Shopping
tricycle to market,Transport
paid 7-Eleven coffee,Food
new sneakers,Shopping
Grab car ride,Transport
Maynilad water bill,Utilities
paid SM Department Store,Shopping
lugaw breakfast,Food
Goldilocks cake,Food
haircut at barbershop,Other
bus fare to Cubao,Transport
for KFC dinner,Food
laptop bag online,Shopping
bought Grab car ride,Transport
paid ATM withdrawal,Other
Grab to office,Transport
paid gas Petron station,Transport
for Globe postpaid bill,Bills
paid toilet cleaner,Shopping
baby diapers,Shopping
for jeepney fare,Transport
printing and photocopy,Other
paid monthly internet plan,Utilities
hand soap refill,Shopping
paid birthday gift,Other
for sanitary napkin pack,Shopping
Pag-IBIG contribution,Bills
paid toothpaste and toothbrush,Shopping
Puregold groceries,Food
habal-habal ride,Transport
gym membership fee,Bills
for Shopee 9.9 sale haul,Shopping
for Maynilad water bill,Utilities
paid MRT ride,Transport
bought lugaw breakfast,Food
Globe postpaid bill,Bills
load e-wallet,Other
bought Samyang noodles grocery,Food
paid Netflix subscription,Bills
Greenwich pizza,Food
for personal loan payment,Bills
Globe broadband plan,Utilities
Spotify subscription,Bills
pandesal bakery,Food
paid Puregold groceries,Food
paid laptop bag online,Shopping
Mang Inasal chicken,Food
water utility bill,Utilities
for baby diapers,Shopping
Angkas ride,Transport
Shopee 9.9 sale haul,Shopping
Penshoppe jeans,Shopping
fishball snack,Food
birthday gift,Other
bought tricycle fare home,Transport
for hand soap refill,Shopping
bought Manila Water bill,Utilities
EDSA bus fare,Transport
for grocery at SM Supermarket,Food
sanitary napkin pack,Shopping
miscellaneous expense,Other
gas Shell station,Transport
bought Maynilad water bill,Utilities
for Meralco bill payment,Utilities
LRT fare,Transport
clinic consultation,Other
donation to charity,Other
for Globe internet bill,Utilities
headphones order,Shopping
paid Samyang noodles grocery,Food
for P2P bus fare,Transport
bought new sneakers,Shopping
MRT ride,Transport
pasalubong for family,Other
PLDT home internet,Utilities
for EDSA bus fare,Transport
ATM withdrawal,Other
toothpaste and toothbrush,Shopping
Samgyupsal dinner,Food
Beep card load,Transport
Smart home wifi,Utilities
bought siomai rice meal,Food
gas Petron station,Transport
for parking fee mall,Transport
toll fee SLEX,Transport
paid Spotify subscription,Bills
Max's fried chicken,Food
bought YouTube Premium,Bills
lechon manok takeout,Food
paid load e-wallet,Other
Uniqlo shirt,Shopping
Grab to the mall,Transport
monthly electricity bill,Utilities
diesel refuel,Transport
for Max's fried chicken,Food
bought household cleaning supplies,Shopping
paid Bonchon chicken,Food
for Pag-IBIG contribution,Bills
bought toothpaste and toothbrush,Shopping
insurance premium,Bills
paid Converge fiber bill,Utilities
bought gym membership fee,Bills
bought laundry detergent powder,Shopping
bought SSS contribution,Bills
for Sky Cable bill,Utilities
paid PLDT home internet,Utilities
bought miscellaneous expense,Other
Bonchon chicken,Food
bank transfer fee,Other
Miniso items,Shopping
monthly internet plan,Utilities
personal loan payment,Bills
bought personal loan payment,Bills
household cleaning supplies,Shopping
bought laptop bag online,Shopping
Jollibee lunch,Food
for water utility bill,Utilities
dishwashing liquid soap,Shopping
Smart postpaid plan,Bills
for clinic consultation,Other
bought monthly rent payment,Bills
bought Miniso items,Shopping
tuition fee payment,Bills
Mercury Drug medicine,Other
paid Goldilocks cake,Food
YouTube Premium,Bills
street food isaw,Food
for McDonalds breakfast,Food
monthly rent payment,Bills
7-Eleven coffee,Food
Maya load,Other
bought toilet cleaner,Shopping
National Bookstore supplies,Shopping
siomai rice meal,Food
for household cleaning supplies,Shopping
Lazada gadget,Shopping
for printing and photocopy,Other
jeepney fare,Transport
credit card payment,Bills
for Greenwich pizza,Food
paid National Bookstore supplies,Shopping
for dishwashing liquid soap,Shopping
bought PhilHealth contribution,Bills
paid tricycle fare home,Transport
bought birthday gift,Other
bought grocery at SM Supermarket,Food
for donation to charity,Other
Lazada order earphones,Shopping
GCash cash in,Other
grocery at SM Supermarket,Food
bought 7-Eleven coffee,Food
bought Lazada gadget,Shopping
for Lazada order earphones,Shopping
for SM Department Store,Shopping
Converge fiber bill,Utilities
Ace Hardware tools,Shopping
PhilHealth contribution,Bills
for street food isaw,Food
tricycle fare home,Transport
bought Lazada order earphones,Shopping
for insurance premium,Bills
for toll fee SLEX,Transport
for Penshoppe jeans,Shopping
paid laundry detergent powder,Shopping
laundry detergent powder,Shopping
Jollibee Chickenjoy,Food
toilet cleaner,Shopping
bought LRT fare,Transport
paid Miniso items,Shopping
bought clinic consultation,Other
P2P bus fare,Transport
bought Angkas ride,Transport
phone charger Shopee,Shopping
bought Mercury Drug medicine,Other
Manila Water bill,Utilities
KFC dinner,Food
Macao Imperial milk tea,Food
paid haircut at barbershop,Other
Starbucks latte,Food
Netflix subscription,Bills
Disney+ subscription,Bills
bought Macao Imperial milk tea,Food
for Jollibee lunch,Food
for bus fare to Cubao,Transport
bought salon treatment,Other
bought taxi to airport,Transport
shampoo and conditioner,Shopping
bought toilet paper pack,Shopping
Chowking lunch,Food
Globe internet bill,Utilities
milk tea CoCo,Food
taxi to airport,Transport
parking fee mall,Transport
Samyang noodles grocery,Food
Watsons toiletries,Shopping
paid phone charger Shopee,Shopping
for Ace Hardware tools,Shopping
bought monthly electricity bill,Utilities
for credit card payment,Bills
SSS contribution,Bills
Shopee order phone case,Shopping
Meralco bill payment,Utilities
bought Disney+ subscription,Bills
